Station_name,Station_address,Operator,Number_of_plugs,Charger_Type,Charger_rating,Latitude,Longitude,LGANAME,PCODE,Source,SA4_CODE26,SA4_NAME26,STE_NAME26,source_record_id,dc_location_key,augmentation_status,match_distance_m,match_method,external_id,external_title,external_address,external_operator,external_dc_plug_types,external_usage_cost_text,external_access_type,external_bay_count,external_number_of_points,external_status,external_last_verified,external_provider,external_provider_license,external_source_url,augmented,augmentation_source,matched_sources,evie_match_status,evie_augmented,ampol_match_status,ampol_augmented,ocm_match_status,ocm_augmented,osm_match_status,osm_augmented
,"01 Wallgrove Road, Sydney, 2766",bp,4,DC,150 kW,-33.81100405,150.8495966,Blacktown City Council,2766,Existing Fast Chargers,116,Sydney - Blacktown,New South Wales,ev_00002,"-33.811004,150.849597",review_unresolved,,,,,,,,,,,,,,,,,False,,,unmatched,False,unmatched,False,review_identity,False,review_identity,False
,"1 Bay St, Sydney, 2037",tesla motors,16,DC,130 kW,-33.88350355,151.1944334,"Sydney, Council of the City of",2037,Existing Fast Chargers,117,Sydney - City and Inner South,New South Wales,ev_00006,"-33.883504,151.194433",review_unresolved,,,,,,,,,,,,,,,,,False,,,unmatched,False,review_identity,False,review_identity,False,review_identity,False
,"1 Little Walker St, Casino, NSW 2470, Australia",nrma electric,4,DC,50 kW,-35.442745,149.7913305,Richmond Valley Council,2622,TfNSW Regional,101,Capital Region,New South Wales,ev_00028,"-35.442745,149.791330",review_unresolved,,,,,,,,,,,,,,,,,False,,,unmatched,False,unmatched,False,unmatched,False,review_identity,False
,"1 Plunkett St, Sydney, 2065",exploren,2,DC,50 kW,-33.8215586,151.1964124,Willoughby City Council,2065,Existing Fast Chargers,121,Sydney - North Sydney and Hornsby,New South Wales,ev_00038,"-33.821559,151.196412",review_unresolved,,,,,,,,,,,,,,,,,False,,,review_identity,False,unmatched,False,review_identity,False,review_identity,False
,"1 Wharf St, Tweed Heads, 2485",tesla motors,6,DC,250 kW,-28.17378983,153.5445165,Tweed Shire Council,2485,Existing Fast Chargers,112,Richmond - Tweed,New South Wales,ev_00048,"-28.173790,153.544516",review_unresolved,,,,,,,,,,,,,,,,,False,,,unmatched,False,unmatched,False,unmatched,False,unmatched,False
,"1/9 Railway Parade, Kogarah NSW 2217",evie networks,4,DC,150 kW,-33.9624686,151.1324696,Georges River Council,2217,ARENA - Driving the Nation,119,Sydney - Inner South West,New South Wales,ev_00050,"-33.962469,151.132470",review_unresolved,,,,,,,,,,,,,,,,,False,,,review_shared_external,False,unmatched,False,unmatched,False,unmatched,False
,"106 Parraween St, Sydney, 2090",evie networks,4,DC,75 kW,-33.8273504,151.2303373,North Sydney Council,2090,Existing Fast Chargers,121,Sydney - North Sydney and Hornsby,New South Wales,ev_00068,"-33.827350,151.230337",review_unresolved,,,,,,,,,,,,,,,,,False,,,review_shared_external,False,unmatched,False,unmatched,False,unmatched,False
,"1068 Pittwater Rd, Sydney, 2097",jolt,2,DC,25 kW,-33.73111016,151.301011,Northern Beaches Council,2097,Existing Fast Chargers,122,Sydney - Northern Beaches,New South Wales,ev_00070,"-33.731110,151.301011",review_unresolved,,,,,,,,,,,,,,,,,False,,,unmatched,False,unmatched,False,unmatched,False,unmatched,False
,"109 Beecroft Rd, Sydney, 2119",jolt,2,DC,25 kW,-33.75051656,151.0650831,"Hornsby, The Council of the Shire of",2119,Existing Fast Chargers,126,Sydney - Ryde,New South Wales,ev_00073,"-33.750517,151.065083",review_unresolved,,,,,,,,,,,,,,,,,False,,,unmatched,False,unmatched,False,unmatched,False,unmatched,False
,"10W Apsley St, Walcha NSW 2354, Australia",nrma electric,4,DC,50 kW,-29.960127,146.8578887,Walcha Council,2839,TfNSW Regional,105,Far West and Orana,New South Wales,ev_00077,"-29.960127,146.857889",review_unresolved,,,,,,,,,,,,,,,,,False,,,unmatched,False,unmatched,False,review_identity,False,unmatched,False
,"11 Scott St, Sydney, 2170",jolt,2,DC,25 kW,-33.92522427,150.9265836,Liverpool City Council,2170,Existing Fast Chargers,127,Sydney - South West,New South Wales,ev_00084,"-33.925224,150.926584",review_unresolved,,,,,,,,,,,,,,,,,False,,,unmatched,False,unmatched,False,unmatched,False,unmatched,False
,"11-37 Alexandria Pde, Sydney, 2077",jolt,2,DC,25 kW,-33.70973178,151.1045866,"Hornsby, The Council of the Shire of",2077,Existing Fast Chargers,121,Sydney - North Sydney and Hornsby,New South Wales,ev_00092,"-33.709732,151.104587",review_unresolved,,,,,,,,,,,,,,,,,False,,,unmatched,False,review_identity,False,review_identity,False,unmatched,False
,"116 Liverpool St, Scone, NSW 2337, Australia",nrma electric,2,DC,50 kW,-31.9598511,141.4601038,Upper Hunter Shire Council,2880,TfNSW Regional,105,Far West and Orana,New South Wales,ev_00095,"-31.959851,141.460104",review_unresolved,,,,,,,,,,,,,,,,,False,,,unmatched,False,unmatched,False,review_identity,False,unmatched,False
,"1183-1187 The Horsley Dr, Wetherill Park NSW 2164",engie,2,DC,150 kW,-33.8505352,150.8988605,Fairfield City Council,2164,ARENA - Driving the Nation,127,Sydney - South West,New South Wales,ev_00100,"-33.850535,150.898861",review_unresolved,,,,,,,,,,,,,,,,,False,,,unmatched,False,unmatched,False,review_identity,False,review_identity,False
,"12 Jacksons Rd, Warriewood NSW 2102",engie,2,DC,150 kW,-33.6971741,151.2956935,Northern Beaches Council,2102,ARENA - Driving the Nation,122,Sydney - Northern Beaches,New South Wales,ev_00110,"-33.697174,151.295693",review_unresolved,,,,,,,,,,,,,,,,,False,,,unmatched,False,unmatched,False,review_identity,False,unmatched,False
,"121 Princes Hwy, Wollongong, 2519",exploren,2,DC,60 kW,-34.40192697,150.8906517,Wollongong City Council,2519,Existing Fast Chargers,107,Illawarra,New South Wales,ev_00118,"-34.401927,150.890652",review_unresolved,,,,,,,,,,,,,,,,,False,,,unmatched,False,unmatched,False,review_identity,False,review_identity,False
,"127 Conadilly St, Gunnedah, 2380",chargefox,4,DC,47 kW,-30.97681086,150.2501652,Gunnedah Shire Council,2380,Existing Fast Chargers,110,New England and North West,New South Wales,ev_00125,"-30.976811,150.250165",review_unresolved,,,,,,,,,,,,,,,,,False,,,unmatched,False,unmatched,False,review_identity,False,unmatched,False
,"13-17 Princes Hwy, Albion Park Rail NSW 2527",evie networks,2,DC,50 kW,-34.5504346,150.7877814,Shellharbour City Council,2527,ARENA - Driving the Nation,107,Illawarra,New South Wales,ev_00136,"-34.550435,150.787781",review_unresolved,,,,,,,,,,,,,,,,,False,,,unmatched,False,unmatched,False,unmatched,False,review_identity,False
,"133 Liverpool Rd, Sydney, 2134",jolt,2,DC,25 kW,-33.88724929,151.0993353,Burwood Council,2134,Existing Fast Chargers,120,Sydney - Inner West,New South Wales,ev_00138,"-33.887249,151.099335",review_unresolved,,,,,,,,,,,,,,,,,False,,,unmatched,False,unmatched,False,unmatched,False,unmatched,False
,"134 Lachlan St, Hay, 2711",nrma electric,2,DC,50 kW,-34.50908013,144.8410701,Hay Shire Council,2711,Existing Fast Chargers,109,Murray,New South Wales,ev_00142,"-34.509080,144.841070",review_unresolved,,,,,,,,,,,,,,,,,False,,,unmatched,False,unmatched,False,review_shared_external,False,review_identity,False
,"14 Everton Rd, Sydney, 2135",jolt,2,DC,25 kW,-33.87204909,151.0954464,Burwood Council,2135,Existing Fast Chargers,120,Sydney - Inner West,New South Wales,ev_00151,"-33.872049,151.095446",review_unresolved,,,,,,,,,,,,,,,,,False,,,unmatched,False,unmatched,False,unmatched,False,unmatched,False
,"140 Denison St, Sydney, 2036",exploren,2,DC,120 kW,-33.94916821,151.2247958,Bayside Council,2036,Existing Fast Chargers,117,Sydney - City and Inner South,New South Wales,ev_00154,"-33.949168,151.224796",review_unresolved,,,,,,,,,,,,,,,,,False,,,unmatched,False,unmatched,False,unmatched,False,unmatched,False
,"141 Morgan St, Sydney, 2209",jolt,2,DC,25 kW,-33.9492503,151.0812503,Georges River Council,2209,Existing Fast Chargers,119,Sydney - Inner South West,New South Wales,ev_00156,"-33.949250,151.081250",review_unresolved,,,,,,,,,,,,,,,,,False,,,unmatched,False,unmatched,False,unmatched,False,unmatched,False
,"141 Roselands Ave, Roselands NSW 2196",engie,2,DC,120 kW,-33.9354417,151.0685253,Georges River Council,2196,ARENA - Driving the Nation,119,Sydney - Inner South West,New South Wales,ev_00157,"-33.935442,151.068525",review_unresolved,,,,,,,,,,,,,,,,,False,,,unmatched,False,unmatched,False,review_identity,False,review_identity,False
,"149 Alison Rd, Sydney, 2031",jolt,2,DC,50 kW,-33.91307612,151.2387948,Randwick City Council,2031,Existing Fast Chargers,118,Sydney - Eastern Suburbs,New South Wales,ev_00167,"-33.913076,151.238795",review_unresolved,,,,,,,,,,,,,,,,,False,,,review_identity,False,unmatched,False,review_identity,False,review_identity,False
,"15 Merriville Rd, Sydney, 2155",jolt,2,DC,25 kW,-33.70040345,150.9283123,Blacktown City Council,2155,Existing Fast Chargers,116,Sydney - Blacktown,New South Wales,ev_00175,"-33.700403,150.928312",review_unresolved,,,,,,,,,,,,,,,,,False,,,unmatched,False,unmatched,False,unmatched,False,unmatched,False
,"15 Merriville Rd, Sydney, 2155",jolt,2,DC,25 kW,-33.70051756,150.9281081,Blacktown City Council,2155,Existing Fast Chargers,116,Sydney - Blacktown,New South Wales,ev_00176,"-33.700518,150.928108",review_unresolved,,,,,,,,,,,,,,,,,False,,,unmatched,False,unmatched,False,unmatched,False,unmatched,False
,"15 Ridge St, Sydney, 2060",evie networks,4,DC,75 kW,-33.83274979,151.2064264,North Sydney Council,2060,Existing Fast Chargers,121,Sydney - North Sydney and Hornsby,New South Wales,ev_00178,"-33.832750,151.206426",review_unresolved,,,,,,,,,,,,,,,,,False,,,review_shared_external,False,unmatched,False,unmatched,False,unmatched,False
,"151 Beauchamp Rd, Sydney, 2036",jolt,2,DC,25 kW,-33.95633138,151.2265986,Randwick City Council,2036,Existing Fast Chargers,118,Sydney - Eastern Suburbs,New South Wales,ev_00182,"-33.956331,151.226599",review_unresolved,,,,,,,,,,,,,,,,,False,,,unmatched,False,unmatched,False,unmatched,False,unmatched,False
,"153 Coreen Ave Cnr Castlereagh Rd, Penrith, NSW, 2750",ampol,2,DC,125 kW,-33.7428103,150.6929292,Penrith City Council,2750,ARENA - Driving the Nation,124,Sydney - Outer West and Blue Mountains,New South Wales,ev_00187,"-33.742810,150.692929",review_unresolved,,,,,,,,,,,,,,,,,False,,,unmatched,False,review_shared_external,False,review_shared_external,False,review_shared_external,False
,"156 Melbourne St, Mulwala, 2647",wevolt,4,DC,80 kW,-35.99499104,146.001983,Federation Council,2647,Existing Fast Chargers,109,Murray,New South Wales,ev_00191,"-35.994991,146.001983",review_unresolved,,,,,,,,,,,,,,,,,False,,,unmatched,False,unmatched,False,unmatched,False,unmatched,False
,"16-20 Goodhope St, Sydney, 2021",chargefox,2,DC,30 kW,-33.88181186,151.2283183,Woollahra Municipal Council,2021,Existing Fast Chargers,118,Sydney - Eastern Suburbs,New South Wales,ev_00205,"-33.881812,151.228318",review_unresolved,,,,,,,,,,,,,,,,,False,,,unmatched,False,unmatched,False,unmatched,False,unmatched,False
,"169 Willoughby Rd, Sydney, 2065",bp,2,DC,75 kW,-33.8201522,151.2011902,Willoughby City Council,2065,Existing Fast Chargers,121,Sydney - North Sydney and Hornsby,New South Wales,ev_00211,"-33.820152,151.201190",review_unresolved,,,,,,,,,,,,,,,,,False,,,unmatched,False,unmatched,False,unmatched,False,unmatched,False
,"17 Smith St, Sydney, 2067",chargefox,6,DC,47 kW,-33.78601306,151.1980831,Willoughby City Council,2067,Existing Fast Chargers,121,Sydney - North Sydney and Hornsby,New South Wales,ev_00214,"-33.786013,151.198083",review_unresolved,,,,,,,,,,,,,,,,,False,,,unmatched,False,unmatched,False,unmatched,False,unmatched,False
,"17 Stanley St, Sydney, 2210",jolt,2,DC,25 kW,-33.96212217,151.0635736,Georges River Council,2210,Existing Fast Chargers,119,Sydney - Inner South West,New South Wales,ev_00215,"-33.962122,151.063574",review_unresolved,,,,,,,,,,,,,,,,,False,,,unmatched,False,unmatched,False,review_identity,False,unmatched,False
,"17 Stewart St, Wollongong NSW 2500, Australia",nrma electric,4,DC,75 kW,-29.7756503,151.1151033,Wollongong City Council,2453,TfNSW Regional,110,New England and North West,New South Wales,ev_00216,"-29.775650,151.115103",review_unresolved,,,,,,,,,,,,,,,,,False,,,unmatched,False,unmatched,False,review_identity,False,unmatched,False
,"173 The Vineyards Rd, Lake George, 2581",exploren,2,DC,60 kW,-34.99682987,149.3848398,Yass Valley Council,2581,Existing Fast Chargers,101,Capital Region,New South Wales,ev_00218,"-34.996830,149.384840",review_unresolved,,,,,,,,,,,,,,,,,False,,,unmatched,False,unmatched,False,unmatched,False,unmatched,False
,"18 Dandaloo St, Nyngan, NSW 2825, Australia",nrma electric,4,DC,75 kW,-32.0506213,150.8667598,Bogan Shire Council,2360,TfNSW Regional,106,Hunter Valley exc Newcastle,New South Wales,ev_00225,"-32.050621,150.866760",review_unresolved,,,,,,,,,,,,,,,,,False,,,unmatched,False,unmatched,False,review_identity,False,unmatched,False
,"19 Princes Hwy, Figtree NSW 2525, Australia",tesla motors,6,DC,175 kW,-34.4366153,150.8632982,Wollongong City Council,2525,Fast Charging R1,107,Illawarra,New South Wales,ev_00246,"-34.436615,150.863298",review_unresolved,,,,,,,,,,,,,,,,,False,,,unmatched,False,unmatched,False,review_identity,False,review_identity,False
,"1-9 Railway Parade, Kogarah NSW 2217",evie networks,4,DC,150 kW,-33.96168115,151.1325903,Georges River Council,2217,ARENA - Driving the Nation,119,Sydney - Inner South West,New South Wales,ev_00247,"-33.961681,151.132590",review_unresolved,,,,,,,,,,,,,,,,,False,,,review_shared_external,False,unmatched,False,unmatched,False,unmatched,False
,"19 Windsor Rd, Sydney, 2155",bp,2,DC,75 kW,-33.71274679,150.9591602,The Hills Shire Council,2155,Existing Fast Chargers,115,Sydney - Baulkham Hills and Hawkesbury,New South Wales,ev_00249,"-33.712747,150.959160",review_unresolved,,,,,,,,,,,,,,,,,False,,,unmatched,False,unmatched,False,unmatched,False,unmatched,False
,197-215 Condamine St Balgowlah NSW 2093 Australia,tesla motors,6,DC,175 kW,-33.7930342,151.2641426,Northern Beaches Council,2093,Fast Charging R3,122,Sydney - Northern Beaches,New South Wales,ev_00254,"-33.793034,151.264143",review_unresolved,,,,,,,,,,,,,,,,,False,,,unmatched,False,unmatched,False,unmatched,False,review_identity,False
,"2 Coast Hospital Rd, Sydney, 2036",evie networks,2,DC,75 kW,-33.98102507,151.2497087,Randwick City Council,2036,Existing Fast Chargers,118,Sydney - Eastern Suburbs,New South Wales,ev_00264,"-33.981025,151.249709",review_unresolved,,,,,,,,,,,,,,,,,False,,,review_shared_external,False,unmatched,False,unmatched,False,unmatched,False
,"2 Hannabus Pl, Windsor, 2756",exploren,2,DC,60 kW,-33.62676281,150.8353483,Hawkesbury City Council,2756,Existing Fast Chargers,115,Sydney - Baulkham Hills and Hawkesbury,New South Wales,ev_00268,"-33.626763,150.835348",review_unresolved,,,,,,,,,,,,,,,,,False,,,unmatched,False,unmatched,False,unmatched,False,unmatched,False
,"2 Premier St, Sydney, 2217",jolt,2,DC,25 kW,-33.96242247,151.1343213,Georges River Council,2217,Existing Fast Chargers,119,Sydney - Inner South West,New South Wales,ev_00279,"-33.962422,151.134321",review_unresolved,,,,,,,,,,,,,,,,,False,,,review_identity,False,unmatched,False,unmatched,False,unmatched,False
,"2 Riddell St, Sydney, 2023",chargefox,2,DC,40 kW,-33.88578883,151.2573263,Woollahra Municipal Council,2023,Existing Fast Chargers,118,Sydney - Eastern Suburbs,New South Wales,ev_00281,"-33.885789,151.257326",review_unresolved,,,,,,,,,,,,,,,,,False,,,unmatched,False,unmatched,False,unmatched,False,unmatched,False
,"2 Sentry Dr, Sydney, 2768",chargefox,4,DC,40 kW,-33.71984389,150.918979,Blacktown City Council,2768,Existing Fast Chargers,116,Sydney - Blacktown,New South Wales,ev_00286,"-33.719844,150.918979",review_unresolved,,,,,,,,,,,,,,,,,False,,,unmatched,False,unmatched,False,unmatched,False,unmatched,False
,"20 Owen St, Sydney, 2761",chargefox,2,DC,47 kW,-33.75074779,150.8580751,Blacktown City Council,2761,Existing Fast Chargers,116,Sydney - Blacktown,New South Wales,ev_00295,"-33.750748,150.858075",review_unresolved,,,,,,,,,,,,,,,,,False,,,unmatched,False,unmatched,False,unmatched,False,unmatched,False
,20-22 Camden Rd Campbelltown NSW 2560 Australia,tesla motors,12,DC,175 kW,-34.0725934,150.8078816,Campbelltown City Council,2560,Fast Charging R1,123,Sydney - Outer South West,New South Wales,ev_00306,"-34.072593,150.807882",review_unresolved,,,,,,,,,,,,,,,,,False,,,review_identity,False,unmatched,False,review_shared_external,False,review_identity,False
,"2090 Broke Rd, Pokolbin, 2320",nrma electric,4,DC,75 kW,-32.77342947,151.2982713,Cessnock City Council,2320,Existing Fast Chargers,106,Hunter Valley exc Newcastle,New South Wales,ev_00313,"-32.773429,151.298271",review_unresolved,,,,,,,,,,,,,,,,,False,,,unmatched,False,unmatched,False,unmatched,False,unmatched,False
,"22 Cook Ln, Sydney, 2223",jolt,2,DC,25 kW,-33.9701502,151.0801331,Georges River Council,2223,Existing Fast Chargers,119,Sydney - Inner South West,New South Wales,ev_00329,"-33.970150,151.080133",review_unresolved,,,,,,,,,,,,,,,,,False,,,unmatched,False,unmatched,False,unmatched,False,unmatched,False
,"221 Wolseley St, Jamisontown NSW 2750",evie networks,4,DC,350 kW,-33.770295,150.673823,Penrith City Council,2614,ARENA - Driving the Nation,124,Sydney - Outer West and Blue Mountains,New South Wales,ev_00332,"-33.770295,150.673823",review_unresolved,,,,,,,,,,,,,,,,,False,,,review_identity,False,unmatched,False,review_identity,False,unmatched,False
,"22-24 Park Ave, Sydney, 2134",jolt,2,DC,25 kW,-33.87384989,151.1019449,Burwood Council,2134,Existing Fast Chargers,120,Sydney - Inner West,New South Wales,ev_00333,"-33.873850,151.101945",review_unresolved,,,,,,,,,,,,,,,,,False,,,unmatched,False,unmatched,False,unmatched,False,unmatched,False
,"2260 Camden Valley Way, Sydney, 2170",jolt,2,DC,25 kW,-33.95800605,150.8864635,Liverpool City Council,2170,Existing Fast Chargers,127,Sydney - South West,New South Wales,ev_00339,"-33.958006,150.886463",review_unresolved,,,,,,,,,,,,,,,,,False,,,unmatched,False,unmatched,False,unmatched,False,review_shared_external,False
,"2260 Camden Valley Way, Sydney, 2170",jolt,2,DC,25 kW,-33.9581552,150.8866296,Liverpool City Council,2170,Existing Fast Chargers,127,Sydney - South West,New South Wales,ev_00340,"-33.958155,150.886630",review_unresolved,,,,,,,,,,,,,,,,,False,,,unmatched,False,unmatched,False,unmatched,False,review_shared_external,False
,"228-234 Pacific Hwy, Swansea NSW, 2281",everty,2,DC,25 kW,-33.09176581,151.6374214,Lake Macquarie City Council,2281,Existing Fast Chargers,111,Newcastle and Lake Macquarie,New South Wales,ev_00342,"-33.091766,151.637421",review_unresolved,,,,,,,,,,,,,,,,,False,,,review_identity,False,unmatched,False,unmatched,False,unmatched,False
,"230 Arden St, Sydney, 2034",jolt,2,DC,50 kW,-33.92159464,151.2565566,Randwick City Council,2034,Existing Fast Chargers,118,Sydney - Eastern Suburbs,New South Wales,ev_00347,"-33.921595,151.256557",review_unresolved,,,,,,,,,,,,,,,,,False,,,unmatched,False,unmatched,False,unmatched,False,unmatched,False
,"241 Waterworth Dr, Mount Annan NSW 2567, Australia",viva energy australia,4,DC,175 kW,-34.049425,150.7603383,Camden Council,2567,Fast Charging R2,123,Sydney - Outer South West,New South Wales,ev_00360,"-34.049425,150.760338",review_unresolved,,,,,,,,,,,,,,,,,False,,,unmatched,False,unmatched,False,unmatched,False,review_identity,False
,"25-47 Ocean St, Sydney, 2101",jolt,2,DC,25 kW,-33.71943448,151.2986617,Northern Beaches Council,2101,Existing Fast Chargers,122,Sydney - Northern Beaches,New South Wales,ev_00375,"-33.719434,151.298662",review_unresolved,,,,,,,,,,,,,,,,,False,,,unmatched,False,unmatched,False,unmatched,False,unmatched,False
,"26 Aspect Dr, Coffs Harbour, 2450",tesla motors,4,DC,60 kW,-30.27522227,153.1319389,Coffs Harbour City Council,2450,Existing Fast Chargers,104,Coffs Harbour - Grafton,New South Wales,ev_00377,"-30.275222,153.131939",review_unresolved,,,,,,,,,,,,,,,,,False,,,unmatched,False,unmatched,False,review_identity,False,review_identity,False
,"26 Neilly St, Walgett, NSW 2832, Australia",nrma electric,2,DC,75 kW,-28.8659158,153.0485564,Walgett Shire Council,2337,TfNSW Regional,112,Richmond - Tweed,New South Wales,ev_00379,"-28.865916,153.048556",review_unresolved,,,,,,,,,,,,,,,,,False,,,unmatched,False,unmatched,False,unmatched,False,unmatched,False
,"28 Auburn Street, Moree, NSW 2400, Australia",nrma electric,2,DC,50 kW,-35.3548636,145.725081,Moree Plains Shire Council,2716,TfNSW Regional,109,Murray,New South Wales,ev_00394,"-35.354864,145.725081",review_unresolved,,,,,,,,,,,,,,,,,False,,,unmatched,False,unmatched,False,review_identity,False,review_identity,False
,"28 Lawson St, Byron Bay, 2481",evup,2,DC,100 kW,-28.64327432,153.6158749,Byron Shire Council,2481,Existing Fast Chargers,112,Richmond - Tweed,New South Wales,ev_00396,"-28.643274,153.615875",review_unresolved,,,,,,,,,,,,,,,,,False,,,unmatched,False,unmatched,False,review_identity,False,unmatched,False
,"2-8 Turramurra Ave, Sydney, 2074",evie networks,4,DC,75 kW,-33.7323514,151.1307097,Ku-ring-gai Council,2074,Existing Fast Chargers,121,Sydney - North Sydney and Hornsby,New South Wales,ev_00398,"-33.732351,151.130710",review_unresolved,,,,,,,,,,,,,,,,,False,,,review_shared_external,False,unmatched,False,unmatched,False,unmatched,False
,"29 Windsor Rd, Sydney, 2155",jolt,2,DC,25 kW,-33.71252457,150.9583413,The Hills Shire Council,2155,Existing Fast Chargers,115,Sydney - Baulkham Hills and Hawkesbury,New South Wales,ev_00404,"-33.712525,150.958341",review_unresolved,,,,,,,,,,,,,,,,,False,,,unmatched,False,unmatched,False,unmatched,False,unmatched,False
,"293 Belmore Rd, Sydney, 2210",jolt,2,DC,25 kW,-33.95077182,151.051971,Georges River Council,2210,Existing Fast Chargers,119,Sydney - Inner South West,New South Wales,ev_00407,"-33.950772,151.051971",review_unresolved,,,,,,,,,,,,,,,,,False,,,review_identity,False,unmatched,False,unmatched,False,unmatched,False
,"29-55 Twynam St, Narrandera, 2700",nrma electric,2,DC,50 kW,-34.74651756,146.548011,Narrandera Shire Council,2700,Existing Fast Chargers,113,Riverina,New South Wales,ev_00409,"-34.746518,146.548011",review_unresolved,,,,,,,,,,,,,,,,,False,,,unmatched,False,unmatched,False,review_identity,False,review_identity,False
,"3 Corkhill Pl, Bega, 2550",chargefox,2,DC,42 kW,-36.6972593,149.8418629,Bega Valley Shire Council,2550,Existing Fast Chargers,101,Capital Region,New South Wales,ev_00421,"-36.697259,149.841863",review_unresolved,,,,,,,,,,,,,,,,,False,,,unmatched,False,unmatched,False,unmatched,False,review_identity,False
,"302-312 Parramatta Rd, Sydney, 2134",jolt,2,DC,25 kW,-33.86942247,151.108024,Burwood Council,2134,Existing Fast Chargers,120,Sydney - Inner West,New South Wales,ev_00434,"-33.869422,151.108024",review_unresolved,,,,,,,,,,,,,,,,,False,,,unmatched,False,unmatched,False,unmatched,False,unmatched,False
,"303 Henry Parry Dr, Central Coast, 2250",chargefox,2,DC,60 kW,-33.40941346,151.3507447,Central Coast Council,2250,Existing Fast Chargers,102,Central Coast,New South Wales,ev_00435,"-33.409413,151.350745",review_unresolved,,,,,,,,,,,,,,,,,False,,,unmatched,False,unmatched,False,review_identity,False,unmatched,False
,"30A Richland St, Sydney, 2208",exploren,2,DC,120 kW,-33.93524029,151.0986717,Canterbury Bankstown Council,2208,Existing Fast Chargers,119,Sydney - Inner South West,New South Wales,ev_00440,"-33.935240,151.098672",review_unresolved,,,,,,,,,,,,,,,,,False,,,unmatched,False,unmatched,False,unmatched,False,unmatched,False
,"31 Treacy St, Sydney, 2220",jolt,2,DC,25 kW,-33.96786191,151.1060561,Georges River Council,2220,Existing Fast Chargers,119,Sydney - Inner South West,New South Wales,ev_00444,"-33.967862,151.106056",review_unresolved,,,,,,,,,,,,,,,,,False,,,unmatched,False,unmatched,False,unmatched,False,unmatched,False
,"316 Victoria Rd, Sydney, 2116",exploren,2,DC,120 kW,-33.81024029,151.0342402,"Parramatta, Council of the City of",2116,Existing Fast Chargers,125,Sydney - Parramatta,New South Wales,ev_00451,"-33.810240,151.034240",review_unresolved,,,,,,,,,,,,,,,,,False,,,unmatched,False,unmatched,False,unmatched,False,review_identity,False
,"320 Princes Hwy, Bomaderry, 2541",chargefox,4,DC,47 kW,-34.84356861,150.5955365,Shoalhaven City Council,2541,Existing Fast Chargers,114,Southern Highlands and Shoalhaven,New South Wales,ev_00456,"-34.843569,150.595537",review_unresolved,,,,,,,,,,,,,,,,,False,,,unmatched,False,unmatched,False,unmatched,False,unmatched,False
,"328 Main Rd, Newcastle, 2285",bp,4,DC,150 kW,-32.93782987,151.6567367,Lake Macquarie City Council,2285,Existing Fast Chargers,111,Newcastle and Lake Macquarie,New South Wales,ev_00459,"-32.937830,151.656737",review_unresolved,,,,,,,,,,,,,,,,,False,,,unmatched,False,unmatched,False,unmatched,False,unmatched,False
,"33 Moate St, Newcastle, 2298",chargefox,2,DC,60 kW,-32.90870375,151.7304655,Newcastle City Council,2298,Existing Fast Chargers,111,Newcastle and Lake Macquarie,New South Wales,ev_00463,"-32.908704,151.730466",review_unresolved,,,,,,,,,,,,,,,,,False,,,unmatched,False,unmatched,False,unmatched,False,unmatched,False
,"330 Pennant Hills Rd, Pennant Hills NSW 2120",evie networks,2,DC,50 kW,-33.7366211,151.0743388,"Hornsby, The Council of the Shire of",2120,ARENA - Driving the Nation,126,Sydney - Ryde,New South Wales,ev_00466,"-33.736621,151.074339",review_unresolved,,,,,,,,,,,,,,,,,False,,,unmatched,False,unmatched,False,review_identity,False,unmatched,False
,"345 Victoria Ave, Chatswood NSW 2067",engie,2,DC,150 kW,-33.7945647,151.18613,Willoughby City Council,2067,ARENA - Driving the Nation,121,Sydney - North Sydney and Hornsby,New South Wales,ev_00479,"-33.794565,151.186130",review_unresolved,,,,,,,,,,,,,,,,,False,,,unmatched,False,unmatched,False,review_identity,False,unmatched,False
,"345 Victoria Ave, Sydney, 2067",chargefox,2,DC,150 kW,-33.79304309,151.1865576,Willoughby City Council,2067,Existing Fast Chargers,121,Sydney - North Sydney and Hornsby,New South Wales,ev_00481,"-33.793043,151.186558",review_unresolved,,,,,,,,,,,,,,,,,False,,,unmatched,False,unmatched,False,review_identity,False,unmatched,False
,"3483 Jerrys Plains Rd, Jerrys Plains, 2330",tesla motors,12,DC,130 kW,-32.44806211,150.8316627,Muswellbrook Shire Council,2330,Existing Fast Chargers,106,Hunter Valley exc Newcastle,New South Wales,ev_00482,"-32.448062,150.831663",review_unresolved,,,,,,,,,,,,,,,,,False,,,unmatched,False,unmatched,False,review_identity,False,review_identity,False
,"3-5 Underwood Rd, Homebush NSW 2140",engie,2,DC,150 kW,-33.8556219,151.0767955,Strathfield Municipal Council,2140,ARENA - Driving the Nation,120,Sydney - Inner West,New South Wales,ev_00484,"-33.855622,151.076796",review_unresolved,,,,,,,,,,,,,,,,,False,,,unmatched,False,unmatched,False,review_identity,False,review_identity,False
,"375-383 Windsor Rd, Sydney, 2153",tesla motors,4,DC,250 kW,-33.75869074,150.9914705,The Hills Shire Council,2153,Existing Fast Chargers,115,Sydney - Baulkham Hills and Hawkesbury,New South Wales,ev_00500,"-33.758691,150.991470",review_unresolved,,,,,,,,,,,,,,,,,False,,,unmatched,False,unmatched,False,unmatched,False,review_identity,False
,"38 Abbott Rd, Seven Hills NSW 2147",ampol,2,DC,125 kW,-33.7668115,150.9549656,Blacktown City Council,2147,ARENA - Driving the Nation,116,Sydney - Blacktown,New South Wales,ev_00501,"-33.766812,150.954966",review_unresolved,,,,,,,,,,,,,,,,,False,,,review_identity,False,unmatched,False,review_identity,False,review_identity,False
,"38 Flora St, Sydney, 2232",chargefox,4,DC,47 kW,-34.03434039,151.0726517,Sutherland Shire Council,2232,Existing Fast Chargers,128,Sydney - Sutherland,New South Wales,ev_00502,"-34.034340,151.072652",review_unresolved,,,,,,,,,,,,,,,,,False,,,unmatched,False,unmatched,False,review_identity,False,review_identity,False
,"40 Gouldsbury St, Sydney, 2088",evie networks,2,DC,75 kW,-33.82807512,151.2434454,Mosman Municipal Council,2088,Existing Fast Chargers,121,Sydney - North Sydney and Hornsby,New South Wales,ev_00519,"-33.828075,151.243445",review_unresolved,,,,,,,,,,,,,,,,,False,,,review_shared_external,False,unmatched,False,review_identity,False,unmatched,False
,"40 Jersey Rd, Sydney, 2770",chargefox,2,DC,160 kW,-33.74376581,150.809028,Blacktown City Council,2770,Existing Fast Chargers,116,Sydney - Blacktown,New South Wales,ev_00520,"-33.743766,150.809028",review_unresolved,,,,,,,,,,,,,,,,,False,,,unmatched,False,unmatched,False,unmatched,False,unmatched,False
,"40 Panmure St, Sydney, 2155",jolt,2,DC,25 kW,-33.68328033,150.9165856,The Hills Shire Council,2155,Existing Fast Chargers,115,Sydney - Baulkham Hills and Hawkesbury,New South Wales,ev_00524,"-33.683280,150.916586",review_unresolved,,,,,,,,,,,,,,,,,False,,,unmatched,False,unmatched,False,unmatched,False,unmatched,False
,"405 Pacific Hwy, Sydney, 2064",chargefox,2,DC,50 kW,-33.81391396,151.1777027,Willoughby City Council,2064,Existing Fast Chargers,121,Sydney - North Sydney and Hornsby,New South Wales,ev_00530,"-33.813914,151.177703",review_unresolved,,,,,,,,,,,,,,,,,False,,,unmatched,False,unmatched,False,unmatched,False,unmatched,False
,"41 Yobarnie Ave, Richmond, 2754",exploren,2,DC,180 kW,-33.58328633,150.7009239,Hawkesbury City Council,2754,Existing Fast Chargers,124,Sydney - Outer West and Blue Mountains,New South Wales,ev_00536,"-33.583286,150.700924",review_unresolved,,,,,,,,,,,,,,,,,False,,,unmatched,False,unmatched,False,unmatched,False,unmatched,False
,"417-439 Bunnerong Rd, Sydney, 2035",chargefox,8,DC,25 kW,-33.95139644,151.232049,Randwick City Council,2035,Existing Fast Chargers,118,Sydney - Eastern Suburbs,New South Wales,ev_00540,"-33.951396,151.232049",review_unresolved,,,,,,,,,,,,,,,,,False,,,unmatched,False,unmatched,False,unmatched,False,unmatched,False
,"44 Broadarrow Rd, Sydney, 2209",jolt,2,DC,25 kW,-33.94841746,151.0710831,Georges River Council,2209,Existing Fast Chargers,119,Sydney - Inner South West,New South Wales,ev_00552,"-33.948417,151.071083",review_unresolved,,,,,,,,,,,,,,,,,False,,,unmatched,False,unmatched,False,unmatched,False,unmatched,False
,"455 George St, Sydney, 2000",exploren,2,DC,60 kW,-33.87152357,151.2067017,"Sydney, Council of the City of",2000,Existing Fast Chargers,117,Sydney - City and Inner South,New South Wales,ev_00562,"-33.871524,151.206702",review_unresolved,,,,,,,,,,,,,,,,,False,,,unmatched,False,unmatched,False,unmatched,False,unmatched,False
,"461 Victoria Rd, Sydney, 2111",exploren,2,DC,120 kW,-33.8208589,151.121011,"Ryde, Council of the City of",2111,Existing Fast Chargers,126,Sydney - Ryde,New South Wales,ev_00569,"-33.820859,151.121011",review_unresolved,,,,,,,,,,,,,,,,,False,,,unmatched,False,unmatched,False,unmatched,False,review_identity,False
,"472 Pacific Hwy, Sydney, 2066",jolt,2,DC,25 kW,-33.80837842,151.1785636,Lane Cove Municipal Council,2066,Existing Fast Chargers,121,Sydney - North Sydney and Hornsby,New South Wales,ev_00573,"-33.808378,151.178564",review_unresolved,,,,,,,,,,,,,,,,,False,,,unmatched,False,unmatched,False,unmatched,False,unmatched,False
,"47-49A Cleary St, Newcastle, 2303",chargefox,2,DC,60 kW,-32.92120425,151.747975,Newcastle City Council,2303,Existing Fast Chargers,111,Newcastle and Lake Macquarie,New South Wales,ev_00574,"-32.921204,151.747975",review_unresolved,,,,,,,,,,,,,,,,,False,,,unmatched,False,unmatched,False,unmatched,False,unmatched,False
,"487 Sydney Rd, Sydney, 2093",bp,2,DC,75 kW,-33.7953594,151.255969,Northern Beaches Council,2093,Existing Fast Chargers,122,Sydney - Northern Beaches,New South Wales,ev_00576,"-33.795359,151.255969",review_unresolved,,,,,,,,,,,,,,,,,False,,,unmatched,False,unmatched,False,unmatched,False,unmatched,False
,"5 Ray St, Sydney, 2074",exploren,2,DC,40 kW,-33.73201706,151.1273493,Ku-ring-gai Council,2074,Existing Fast Chargers,121,Sydney - North Sydney and Hornsby,New South Wales,ev_00588,"-33.732017,151.127349",review_unresolved,,,,,,,,,,,,,,,,,False,,,review_identity,False,unmatched,False,unmatched,False,unmatched,False
,"50 Bathurst St, Brewarrina, NSW 2839, Australia",nrma electric,4,DC,75 kW,-30.3247856,149.784033,Brewarrina Shire Council,2390,TfNSW Regional,110,New England and North West,New South Wales,ev_00592,"-30.324786,149.784033",review_unresolved,,,,,,,,,,,,,,,,,False,,,unmatched,False,unmatched,False,unmatched,False,review_identity,False
,"50 O'Sullivan Rd, Sydney, 2029",chargefox,2,DC,40 kW,-33.87899704,151.2623363,Woollahra Municipal Council,2029,Existing Fast Chargers,118,Sydney - Eastern Suburbs,New South Wales,ev_00594,"-33.878997,151.262336",review_unresolved,,,,,,,,,,,,,,,,,False,,,unmatched,False,unmatched,False,unmatched,False,unmatched,False
,"54 Brighton St, Sydney, 2132",jolt,2,DC,25 kW,-33.89474579,151.1096857,Burwood Council,2132,Existing Fast Chargers,120,Sydney - Inner West,New South Wales,ev_00613,"-33.894746,151.109686",review_unresolved,,,,,,,,,,,,,,,,,False,,,unmatched,False,unmatched,False,unmatched,False,unmatched,False
,"550 Bunnerong Rd, Sydney, 2036",jolt,2,DC,25 kW,-33.9610561,151.2309449,Randwick City Council,2036,Existing Fast Chargers,118,Sydney - Eastern Suburbs,New South Wales,ev_00622,"-33.961056,151.230945",review_unresolved,,,,,,,,,,,,,,,,,False,,,unmatched,False,unmatched,False,unmatched,False,unmatched,False
,"59 The Centre, Sydney, 2087",jolt,2,DC,25 kW,-33.76210915,151.2142012,Northern Beaches Council,2087,Existing Fast Chargers,122,Sydney - Northern Beaches,New South Wales,ev_00640,"-33.762109,151.214201",review_unresolved,,,,,,,,,,,,,,,,,False,,,unmatched,False,unmatched,False,unmatched,False,unmatched,False
,"6 Castlereagh St Gilgandra, NSW 2827, Australia",nrma electric,4,DC,75 kW,-30.0205758,148.1181013,Gilgandra Shire Council,2832,TfNSW Regional,105,Far West and Orana,New South Wales,ev_00649,"-30.020576,148.118101",review_unresolved,,,,,,,,,,,,,,,,,False,,,unmatched,False,unmatched,False,review_identity,False,review_identity,False
,"66 Princes Hwy, Wollongong, 2519",chargefox,4,DC,47 kW,-34.39180785,150.8945806,Wollongong City Council,2519,Existing Fast Chargers,107,Illawarra,New South Wales,ev_00672,"-34.391808,150.894581",review_unresolved,,,,,,,,,,,,,,,,,False,,,unmatched,False,unmatched,False,unmatched,False,unmatched,False
,"67 Roberts Rd, Sydney, 2190",exploren,2,DC,120 kW,-33.90204809,151.0655796,Strathfield,2190,Existing Fast Chargers,119,Sydney - Inner South West,New South Wales,ev_00674,"-33.902048,151.065580",review_unresolved,,,,,,,,,,,,,,,,,False,,,unmatched,False,review_identity,False,unmatched,False,unmatched,False
,"670 Richmond Rd, Sydney, 2761",jolt,4,DC,25 kW,-33.73553158,150.8513123,Blacktown City Council,2761,Existing Fast Chargers,116,Sydney - Blacktown,New South Wales,ev_00677,"-33.735532,150.851312",review_unresolved,,,,,,,,,,,,,,,,,False,,,unmatched,False,unmatched,False,unmatched,False,unmatched,False
,"7 Pemell Street, Toronto, 2283",exploren,2,DC,40 kW,-33.01454359,151.5961952,Lake Macquarie City Council,2283,Existing Fast Chargers,111,Newcastle and Lake Macquarie,New South Wales,ev_00685,"-33.014544,151.596195",review_unresolved,,,,,,,,,,,,,,,,,False,,,unmatched,False,unmatched,False,unmatched,False,unmatched,False
,"725 Pittwater Rd, Sydney, 2099",jolt,2,DC,25 kW,-33.7523594,151.2865606,Northern Beaches Council,2099,Existing Fast Chargers,122,Sydney - Northern Beaches,New South Wales,ev_00696,"-33.752359,151.286561",review_unresolved,,,,,,,,,,,,,,,,,False,,,review_identity,False,unmatched,False,unmatched,False,review_identity,False
,"731-741 Military Rd, Sydney, 2088",chargefox,2,DC,47 kW,-33.82852457,151.2439029,Mosman Municipal Council,2088,Existing Fast Chargers,121,Sydney - North Sydney and Hornsby,New South Wales,ev_00699,"-33.828525,151.243903",review_unresolved,,,,,,,,,,,,,,,,,False,,,review_identity,False,unmatched,False,review_identity,False,unmatched,False
,"773 Old South Head Rd, Sydney, 2030",chargefox,2,DC,40 kW,-33.85700205,151.2828038,Woollahra Municipal Council,2030,Existing Fast Chargers,118,Sydney - Eastern Suburbs,New South Wales,ev_00711,"-33.857002,151.282804",review_unresolved,,,,,,,,,,,,,,,,,False,,,unmatched,False,unmatched,False,unmatched,False,unmatched,False
,"7-9 Irvine Pl, Sydney, 2153",chargefox,4,DC,125 kW,-33.73886191,150.9475235,The Hills Shire Council,2153,Existing Fast Chargers,115,Sydney - Baulkham Hills and Hawkesbury,New South Wales,ev_00714,"-33.738862,150.947523",review_unresolved,,,,,,,,,,,,,,,,,False,,,unmatched,False,unmatched,False,unmatched,False,unmatched,False
,"8 Federation Rd, Sydney, 2050",exploren,2,DC,50 kW,-33.89360765,151.1783463,Inner West Council,2050,Existing Fast Chargers,117,Sydney - City and Inner South,New South Wales,ev_00718,"-33.893608,151.178346",review_unresolved,,,,,,,,,,,,,,,,,False,,,unmatched,False,unmatched,False,unmatched,False,unmatched,False
,"8 Kosciuszko Rd, Jindabyne, 2627",bp,4,DC,75 kW,-36.4147548,148.6177838,Snowy Monaro Regional Council,2627,Existing Fast Chargers,101,Capital Region,New South Wales,ev_00721,"-36.414755,148.617784",review_unresolved,,,,,,,,,,,,,,,,,False,,,unmatched,False,unmatched,False,review_identity,False,review_ambiguous,False
,"8/24 Cross St, Wagga Wagga, NSW 2650",nrma electric,2,DC,50 kW,-31.7223908,148.6571378,Wagga Wagga City Council,2827,TfNSW Regional,105,Far West and Orana,New South Wales,ev_00726,"-31.722391,148.657138",review_unresolved,,,,,,,,,,,,,,,,,False,,,unmatched,False,unmatched,False,unmatched,False,review_identity,False
,"80 Little Barber St, Gunnedah, 2380",nrma electric,2,DC,50 kW,-30.97803908,150.2508509,Gunnedah Shire Council,2380,Existing Fast Chargers,110,New England and North West,New South Wales,ev_00727,"-30.978039,150.250851",review_unresolved,,,,,,,,,,,,,,,,,False,,,unmatched,False,unmatched,False,review_identity,False,unmatched,False
,"81 Hickory St, Dorrigo, NSW 2453, Australia",nrma electric,4,DC,75 kW,-30.9529988,148.3875852,Bellingen Shire Council,2829,TfNSW Regional,105,Far West and Orana,New South Wales,ev_00729,"-30.952999,148.387585",review_unresolved,,,,,,,,,,,,,,,,,False,,,unmatched,False,unmatched,False,unmatched,False,unmatched,False
,"82 Marsh St, Armidale, NSW 2350, Australia",nrma electric,2,DC,50 kW,-34.4476103,147.5348555,Armidale Regional Council,2666,TfNSW Regional,113,Riverina,New South Wales,ev_00735,"-34.447610,147.534855",review_unresolved,,,,,,,,,,,,,,,,,False,,,unmatched,False,unmatched,False,review_identity,False,review_identity,False
,"87 Winbourne Rd, Sydney, 2100",jolt,2,DC,25 kW,-33.76207512,151.2724464,Northern Beaches Council,2100,Existing Fast Chargers,122,Sydney - Northern Beaches,New South Wales,ev_00745,"-33.762075,151.272446",review_unresolved,,,,,,,,,,,,,,,,,False,,,unmatched,False,unmatched,False,unmatched,False,unmatched,False
,"888 Pittwater Rd, Sydney, 2099",tesla motors,4,DC,250 kW,-33.75321026,151.2873604,Northern Beaches Council,2099,Existing Fast Chargers,122,Sydney - Northern Beaches,New South Wales,ev_00753,"-33.753210,151.287360",review_unresolved,,,,,,,,,,,,,,,,,False,,,review_identity,False,unmatched,False,unmatched,False,review_identity,False
,"88-90 Houston Rd, Sydney, 2032",evie networks,2,DC,50 kW,-33.92407212,151.2266947,Randwick City Council,2032,Existing Fast Chargers,118,Sydney - Eastern Suburbs,New South Wales,ev_00754,"-33.924072,151.226695",review_unresolved,,,,,,,,,,,,,,,,,False,,,review_shared_external,False,unmatched,False,unmatched,False,review_identity,False
,"89 Barwan St, Narrabri, NSW 2390, Australia,",nrma electric,4,DC,50 kW,-29.0572067,152.0186837,Narrabri Shire Council,2372,TfNSW Regional,110,New England and North West,New South Wales,ev_00755,"-29.057207,152.018684",review_unresolved,,,,,,,,,,,,,,,,,False,,,unmatched,False,unmatched,False,review_identity,False,review_identity,False
,"89 Williamson Rd, Sydney, 2565",bp,4,DC,150 kW,-33.98851456,150.8593694,Campbelltown City Council,2565,Existing Fast Chargers,123,Sydney - Outer South West,New South Wales,ev_00757,"-33.988515,150.859369",review_unresolved,,,,,,,,,,,,,,,,,False,,,unmatched,False,unmatched,False,unmatched,False,unmatched,False
,"9 Lagoon St, Sydney, 2101",jolt,2,DC,25 kW,-33.7136587,151.2982913,Northern Beaches Council,2101,Existing Fast Chargers,122,Sydney - Northern Beaches,New South Wales,ev_00766,"-33.713659,151.298291",review_unresolved,,,,,,,,,,,,,,,,,False,,,unmatched,False,unmatched,False,unmatched,False,unmatched,False
,"9 Vickery Ave, Sydney, 2029",evie networks,4,DC,75 kW,-33.87136141,151.2644124,Woollahra Municipal Council,2029,Existing Fast Chargers,118,Sydney - Eastern Suburbs,New South Wales,ev_00769,"-33.871361,151.264412",review_unresolved,,,,,,,,,,,,,,,,,False,,,review_shared_external,False,unmatched,False,unmatched,False,unmatched,False
Evie Networks,"92 Houston Rd, Kingsford NSW 2032, Australia",evie networks,2,DC,50 kW,-33.9242319,151.2266791,Randwick City Council,2032,Kerbside Charging R1,118,Sydney - Eastern Suburbs,New South Wales,ev_00775,"-33.924232,151.226679",review_unresolved,,,,,,,,,,,,,,,,,False,,,review_shared_external,False,unmatched,False,unmatched,False,review_identity,False
,"93 Princes Hwy, Ulladulla, 2539",chargehub,2,DC,25 kW,-35.3576507,150.4733804,Shoalhaven City Council,2539,Existing Fast Chargers,114,Southern Highlands and Shoalhaven,New South Wales,ev_00778,"-35.357651,150.473380",review_unresolved,,,,,,,,,,,,,,,,,False,,,review_identity,False,unmatched,False,unmatched,False,review_identity,False
,"96-100 Centennial Cct, Byron Bay, 2481",chargefox,1,DC,80 kW,-28.6372513,153.5806587,Byron Shire Council,2481,Existing Fast Chargers,112,Richmond - Tweed,New South Wales,ev_00787,"-28.637251,153.580659",review_unresolved,,,,,,,,,,,,,,,,,False,,,unmatched,False,unmatched,False,unmatched,False,unmatched,False
,"97R Brook St, Sydney, 2034",chargefox,2,DC,42 kW,-33.91910615,151.2547838,Randwick City Council,2034,Existing Fast Chargers,118,Sydney - Eastern Suburbs,New South Wales,ev_00791,"-33.919106,151.254784",review_unresolved,,,,,,,,,,,,,,,,,False,,,unmatched,False,unmatched,False,unmatched,False,unmatched,False
,"Anderson St, Sydney, 2067",exploren,2,DC,50 kW,-33.79641046,151.1836096,Willoughby City Council,2067,Existing Fast Chargers,121,Sydney - North Sydney and Hornsby,New South Wales,ev_00801,"-33.796410,151.183610",review_unresolved,,,,,,,,,,,,,,,,,False,,,unmatched,False,unmatched,False,review_identity,False,unmatched,False
,"Avenue Rd, Sydney, 2088",bp,2,DC,75 kW,-33.83197602,151.2373874,Mosman Municipal Council,2088,Existing Fast Chargers,121,Sydney - North Sydney and Hornsby,New South Wales,ev_00804,"-33.831976,151.237387",review_unresolved,,,,,,,,,,,,,,,,,False,,,unmatched,False,unmatched,False,unmatched,False,unmatched,False
,"Bellambi Ln, Wollongong, 2518",exploren,2,DC,120 kW,-34.36218023,150.907982,Wollongong City Council,2518,Existing Fast Chargers,107,Illawarra,New South Wales,ev_00810,"-34.362180,150.907982",review_unresolved,,,,,,,,,,,,,,,,,False,,,unmatched,False,unmatched,False,unmatched,False,unmatched,False
,"Berowra Railway Station, Pacific Highway, Berowra, New South Wales 2081, Australia",jolt,1,DC,25 kW,-33.623906,151.151802,"Hornsby, The Council of the Shire of",2081,TfNSW Commuter Car Parks,121,Sydney - North Sydney and Hornsby,New South Wales,ev_00811,"-33.623906,151.151802",review_unresolved,,,,,,,,,,,,,,,,,False,,,unmatched,False,unmatched,False,review_identity,False,review_identity,False
,"Bunnerong Rd, Sydney, 2036",chargefox,2,DC,40 kW,-33.97296101,151.2365656,Randwick City Council,2036,Existing Fast Chargers,118,Sydney - Eastern Suburbs,New South Wales,ev_00817,"-33.972961,151.236566",review_unresolved,,,,,,,,,,,,,,,,,False,,,unmatched,False,unmatched,False,review_shared_external,False,unmatched,False
,"Camden Valley Way &, Somerset Ave, Narellan NSW 2567",evie networks,4,DC,150 kW,-34.0397301,150.7385139,Camden Council,2022,ARENA - Driving the Nation,123,Sydney - Outer South West,New South Wales,ev_00819,"-34.039730,150.738514",review_unresolved,,,,,,,,,,,,,,,,,False,,,review_identity,False,review_identity,False,unmatched,False,review_identity,False
,"Car park, 51 Evans St (Victoria Park), Inverell, NSW 2360, Australia",nrma electric,2,DC,75 kW,-35.1086448,147.3732036,Inverell Shire Council,2650,TfNSW Regional,113,Riverina,New South Wales,ev_00822,"-35.108645,147.373204",review_unresolved,,,,,,,,,,,,,,,,,False,,,unmatched,False,unmatched,False,review_identity,False,review_identity,False
,"Car park, Little Hoskins St, Temora, NSW 2666",nrma electric,2,DC,50 kW,-30.9827002,151.5928644,Temora Shire Council,2354,TfNSW Regional,110,New England and North West,New South Wales,ev_00823,"-30.982700,151.592864",review_unresolved,,,,,,,,,,,,,,,,,False,,,unmatched,False,unmatched,False,review_identity,False,unmatched,False
,"Castlereagh Rd, Sydney, 2750",ampol,2,DC,150 kW,-33.74298103,150.69296,Penrith City Council,2750,Existing Fast Chargers,124,Sydney - Outer West and Blue Mountains,New South Wales,ev_00825,"-33.742981,150.692960",review_unresolved,,,,,,,,,,,,,,,,,False,,,unmatched,False,review_shared_external,False,review_shared_external,False,review_shared_external,False
,"Cnr Herring Rd & Waterloo Rd, Sydney, 2113",tesla motors,20,DC,130 kW,-33.77721726,151.1208809,"Ryde, Council of the City of",2113,Existing Fast Chargers,126,Sydney - Ryde,New South Wales,ev_00835,"-33.777217,151.120881",review_unresolved,,,,,,,,,,,,,,,,,False,,,review_identity,False,unmatched,False,review_identity,False,review_identity,False
,"Cnr Trafalgar St & Pembroke St, Sydney, 2024",chargefox,2,DC,50 kW,-33.90722527,151.2647708,Waverley Council,2024,Existing Fast Chargers,118,Sydney - Eastern Suburbs,New South Wales,ev_00837,"-33.907225,151.264771",review_unresolved,,,,,,,,,,,,,,,,,False,,,unmatched,False,unmatched,False,unmatched,False,unmatched,False
,"Cronulla Railway Station, Tonkin Street, Cronulla, New South Wales 2230, Australia",jolt,1,DC,25 kW,-34.05771,151.151975,Sutherland Shire Council,2230,TfNSW Commuter Car Parks,128,Sydney - Sutherland,New South Wales,ev_00841,"-34.057710,151.151975",review_unresolved,,,,,,,,,,,,,,,,,False,,,unmatched,False,unmatched,False,unmatched,False,unmatched,False
,"Gardeners Rd, Sydney, 2020",jolt,2,DC,25 kW,-33.92049354,151.1907497,"Sydney, Council of the City of",2020,Existing Fast Chargers,117,Sydney - City and Inner South,New South Wales,ev_00858,"-33.920494,151.190750",review_unresolved,,,,,,,,,,,,,,,,,False,,,unmatched,False,unmatched,False,unmatched,False,review_identity,False
,"Gardeners Rd, Sydney, 2020",jolt,2,DC,25 kW,-33.92059364,151.1914745,"Sydney, Council of the City of",2020,Existing Fast Chargers,117,Sydney - City and Inner South,New South Wales,ev_00859,"-33.920594,151.191474",review_unresolved,,,,,,,,,,,,,,,,,False,,,unmatched,False,unmatched,False,unmatched,False,review_identity,False
,"Harbour Boulevard, Shell Cove, 2529",chargefox,2,DC,350 kW,-34.58859964,150.8661131,Shellharbour City Council,2529,Existing Fast Chargers,107,Illawarra,New South Wales,ev_00867,"-34.588600,150.866113",review_unresolved,,,,,,,,,,,,,,,,,False,,,unmatched,False,unmatched,False,review_identity,False,unmatched,False
,"Hassall Street & James Rouse Drive, Sydney, 2142",bp,4,DC,150 kW,-33.81968873,151.0213023,"Parramatta, Council of the City of",2142,Existing Fast Chargers,125,Sydney - Parramatta,New South Wales,ev_00869,"-33.819689,151.021302",review_unresolved,,,,,,,,,,,,,,,,,False,,,unmatched,False,unmatched,False,review_identity,False,review_shared_external,False
,"Hastings St, Wauchope, 2446",nrma electric,4,DC,60 kW,-31.4561542,152.7327227,Port Macquarie-Hastings Council,2446,Existing Fast Chargers,108,Mid North Coast,New South Wales,ev_00870,"-31.456154,152.732723",review_unresolved,,,,,,,,,,,,,,,,,False,,,unmatched,False,unmatched,False,unmatched,False,unmatched,False
,"Holborn Ct, Sydney, 2557",exploren,4,DC,150 kW,-34.02030235,150.7634565,Camden Council,2557,Existing Fast Chargers,127,Sydney - South West,New South Wales,ev_00877,"-34.020302,150.763456",review_unresolved,,,,,,,,,,,,,,,,,False,,,unmatched,False,unmatched,False,unmatched,False,review_identity,False
,"John Renshaw Dr, Beresfield, 2322",bp,2,DC,75 kW,-32.81193998,151.6394685,Newcastle City Council,2322,Existing Fast Chargers,111,Newcastle and Lake Macquarie,New South Wales,ev_00883,"-32.811940,151.639468",review_unresolved,,,,,,,,,,,,,,,,,False,,,unmatched,False,unmatched,False,unmatched,False,unmatched,False
,"Kable Ave, Tamworth, 2340",nrma electric,2,DC,50 kW,-31.0903554,150.9274134,Tamworth Regional Council,2340,Existing Fast Chargers,110,New England and North West,New South Wales,ev_00884,"-31.090355,150.927413",review_unresolved,,,,,,,,,,,,,,,,,False,,,review_identity,False,unmatched,False,review_identity,False,unmatched,False
,"Kintore Headframe Car Park, 51 Bromide St, Broken Hill, NSW 2880, Australia",nrma electric,2,DC,50 kW,-31.557857,143.3855021,Broken Hill City Council,2836,TfNSW Regional,105,Far West and Orana,New South Wales,ev_00887,"-31.557857,143.385502",review_unresolved,,,,,,,,,,,,,,,,,False,,,unmatched,False,unmatched,False,review_identity,False,unmatched,False
,"Koonya Cct, Sydney, 2229",exploren,2,DC,50 kW,-34.0278569,151.1217848,Sutherland Shire Council,2229,Existing Fast Chargers,128,Sydney - Sutherland,New South Wales,ev_00889,"-34.027857,151.121785",review_unresolved,,,,,,,,,,,,,,,,,False,,,review_identity,False,unmatched,False,unmatched,False,unmatched,False
,"Lake Haven Dr, Lake Haven NSW 2263",engie,2,DC,150 kW,-33.2445959,151.498974,Camden Council,2263,ARENA - Driving the Nation,102,Central Coast,New South Wales,ev_00891,"-33.244596,151.498974",review_unresolved,,,,,,,,,,,,,,,,,False,,,unmatched,False,unmatched,False,unmatched,False,unmatched,False
,"North Ter, Sydney, 2200",chargefox,4,DC,200 kW,-33.91649454,151.0402563,Canterbury Bankstown Council,2200,Existing Fast Chargers,119,Sydney - Inner South West,New South Wales,ev_00919,"-33.916495,151.040256",review_unresolved,,,,,,,,,,,,,,,,,False,,,unmatched,False,unmatched,False,unmatched,False,unmatched,False
,"Oatley Railway Station, Oatley Pde, Oatley, New South Wales 2223, Australia",jolt,1,DC,25 kW,-33.981453,151.079434,Georges River Council,2223,TfNSW Commuter Car Parks,119,Sydney - Inner South West,New South Wales,ev_00921,"-33.981453,151.079434",review_unresolved,,,,,,,,,,,,,,,,,False,,,unmatched,False,unmatched,False,unmatched,False,unmatched,False
,"Orchard Ct, Bathurst, 2795",exploren,2,DC,120 kW,-33.42979584,149.560006,Bathurst Regional Council,2795,Existing Fast Chargers,103,Central West,New South Wales,ev_00924,"-33.429796,149.560006",review_unresolved,,,,,,,,,,,,,,,,,False,,,unmatched,False,unmatched,False,unmatched,False,unmatched,False
,"Pacific Hwy Cnr, 13-15 Costa Ave, Charmhaven NSW 2263",ampol,4,DC,125 kW,-33.2179895,151.5103011,Maitland City Council,2263,ARENA - Driving the Nation,102,Central Coast,New South Wales,ev_00926,"-33.217990,151.510301",review_unresolved,,,,,,,,,,,,,,,,,False,,,unmatched,False,review_identity,False,unmatched,False,unmatched,False
,"Parramatta Rd 214, Sydney, 2134",everty,2,DC,60 kW,-33.86979084,151.1106677,Burwood Council,2134,Existing Fast Chargers,120,Sydney - Inner West,New South Wales,ev_00928,"-33.869791,151.110668",review_unresolved,,,,,,,,,,,,,,,,,False,,,unmatched,False,unmatched,False,unmatched,False,unmatched,False
,"Penrith Railway Station, Jane St, Penrith, New South Wales 2750, Australia",jolt,1,DC,25 kW,-33.750304,150.694089,Penrith City Council,2750,TfNSW Commuter Car Parks,124,Sydney - Outer West and Blue Mountains,New South Wales,ev_00929,"-33.750304,150.694089",review_unresolved,,,,,,,,,,,,,,,,,False,,,unmatched,False,unmatched,False,unmatched,False,unmatched,False
,"Pittwater Road, Sydney, 2101",jolt,2,DC,25 kW,-33.71376381,151.2971421,Northern Beaches Council,2101,Existing Fast Chargers,122,Sydney - Northern Beaches,New South Wales,ev_00931,"-33.713764,151.297142",review_unresolved,,,,,,,,,,,,,,,,,False,,,unmatched,False,unmatched,False,unmatched,False,unmatched,False
,"Prince of Wales Dr, Sydney, 2073",exploren,2,DC,60 kW,-33.76357562,151.1336246,Ku-ring-gai Council,2073,Existing Fast Chargers,121,Sydney - North Sydney and Hornsby,New South Wales,ev_00934,"-33.763576,151.133625",review_unresolved,,,,,,,,,,,,,,,,,False,,,unmatched,False,unmatched,False,unmatched,False,unmatched,False
,"Prospect St, Holbrook, 2644",nrma electric,2,DC,50 kW,-35.7181522,147.316019,Greater Hume Shire Council,2644,Existing Fast Chargers,109,Murray,New South Wales,ev_00938,"-35.718152,147.316019",review_unresolved,,,,,,,,,,,,,,,,,False,,,unmatched,False,unmatched,False,review_identity,False,review_identity,False
,"Rosevillle Railway Station, Hill Street, Roseville, New South Wales 2069, Australia",jolt,1,DC,25 kW,-33.782904,151.175213,Ku-ring-gai Council,2069,TfNSW Commuter Car Parks,121,Sydney - North Sydney and Hornsby,New South Wales,ev_00947,"-33.782904,151.175213",review_unresolved,,,,,,,,,,,,,,,,,False,,,unmatched,False,unmatched,False,unmatched,False,unmatched,False
,"Shop 2140, Newcastle, 2289",exploren,4,DC,60 kW,-32.94079384,151.7105495,Newcastle City Council,2289,Existing Fast Chargers,111,Newcastle and Lake Macquarie,New South Wales,ev_00953,"-32.940794,151.710550",review_unresolved,,,,,,,,,,,,,,,,,False,,,unmatched,False,unmatched,False,unmatched,False,unmatched,False
,"University of Wollongong, Northfields Avenue, Wollongong NSW 2522, Australia",chargefox,6,DC,175 kW,-34.4079569,150.877135,Wollongong City Council,2522,Fast Charging R2,107,Illawarra,New South Wales,ev_00968,"-34.407957,150.877135",review_unresolved,,,,,,,,,,,,,,,,,False,,,unmatched,False,unmatched,False,unmatched,False,unmatched,False
,"Valder Way, Charles Sturt University, 2678",exploren,2,DC,120 kW,-35.05693398,147.3512593,Wagga Wagga City Council,2678,Existing Fast Chargers,113,Riverina,New South Wales,ev_00969,"-35.056934,147.351259",review_unresolved,,,,,,,,,,,,,,,,,False,,,unmatched,False,unmatched,False,unmatched,False,review_identity,False
,"Waddells Ave, Singleton, 2330",everty,2,DC,50 kW,-32.57698603,151.1842142,Singleton Council,2330,Existing Fast Chargers,106,Hunter Valley exc Newcastle,New South Wales,ev_00972,"-32.576986,151.184214",review_unresolved,,,,,,,,,,,,,,,,,False,,,unmatched,False,unmatched,False,unmatched,False,unmatched,False
,197-215 Condamine St Balgowlah NSW 2093 Australia,tesla motors,6,DC,2x350kW & 2x175kW,-33.7929122,151.2645298,,2093,,122,Sydney - Northern Beaches,New South Wales,ev_01048,"-33.792912,151.264530",review_unresolved,,,,,,,,,,,,,,,,,False,,,unmatched,False,unmatched,False,unmatched,False,review_identity,False
,"University of Wollongong, Northfields Avenue, Wollongong NSW 2522, Australia",university of,6,DC,2x350kW & 2x175kW,-34.4079569,150.877135,,2522,,107,Illawarra,New South Wales,ev_01058,"-34.407957,150.877135",review_unresolved,,,,,,,,,,,,,,,,,False,,,unmatched,False,unmatched,False,unmatched,False,unmatched,False
,20-22 Camden Rd Campbelltown NSW 2560 Australia,tesla motors,12,DC,2x350kW & 2x175kW,-34.0722029,150.8068155,,2560,,123,Sydney - Outer South West,New South Wales,ev_01071,"-34.072203,150.806815",review_unresolved,,,,,,,,,,,,,,,,,False,,,review_identity,False,unmatched,False,review_shared_external,False,review_identity,False
,"241 Waterworth Dr, Mount Annan NSW 2567, Australia",viva energy australia,4,DC,2x350kW & 2x175kW,-34.0495366,150.7601125,,2567,,123,Sydney - Outer South West,New South Wales,ev_01082,"-34.049537,150.760112",review_unresolved,,,,,,,,,,,,,,,,,False,,,unmatched,False,unmatched,False,unmatched,False,review_identity,False
,"19 Princes Hwy, Figtree NSW 2525, Australia",tesla motors,6,DC,2x350kW & 2x175kW,-34.4366153,150.8632982,,2525,,107,Illawarra,New South Wales,ev_01084,"-34.436615,150.863298",review_unresolved,,,,,,,,,,,,,,,,,False,,,unmatched,False,unmatched,False,review_identity,False,review_identity,False
,"173 Canterbury Road, Bankstown NSW 2200",tesla motors,6,DC,175 kW,-33.9336017,151.0299345,Canterbury Bankstown Council,2200,Fast Charging R1,119,Sydney - Inner South West,New South Wales,ev_01292,"-33.933602,151.029934",review_unresolved,,,,,,,,,,,,,,,,,False,,,review_identity,False,unmatched,False,review_identity,False,review_identity,False
,"179-183 Hume St, Goulburn NSW 2580",tesla motors,20,DC,175 kW,-34.7720602,149.6923766,Goulburn Mulwaree Council,2580,Fast Charging R1,101,Capital Region,New South Wales,ev_01301,"-34.772060,149.692377",review_unresolved,,,,,,,,,,,,,,,,,False,,,unmatched,False,unmatched,False,review_identity,False,review_identity,False
,"2 Coast Hospital Rd, Little Bay NSW 2036, Australia",evie networks,2,DC,75 kW,-33.9808158,151.2498636,Randwick City Council,2036,Kerbside Charging R1,118,Sydney - Eastern Suburbs,New South Wales,ev_01340,"-33.980816,151.249864",review_unresolved,,,,,,,,,,,,,,,,,False,,,review_shared_external,False,unmatched,False,unmatched,False,unmatched,False
,"218 Katoomba St, Katoomba NSW 2780, Australia",zeus renewables,4,DC,175 kW,-33.7177016,150.3112897,Blue Mountains City Council,2780,Fast Charging R1,124,Sydney - Outer West and Blue Mountains,New South Wales,ev_01382,"-33.717702,150.311290",review_unresolved,,,,,,,,,,,,,,,,,False,,,unmatched,False,unmatched,False,unmatched,False,unmatched,False
,"234 Miller St, North Sydney NSW 2060, Australia",evie networks,4,DC,75 kW,-33.833276,151.2071934,North Sydney Council,2060,Kerbside Charging R1,121,Sydney - North Sydney and Hornsby,New South Wales,ev_01398,"-33.833276,151.207193",review_unresolved,,,,,,,,,,,,,,,,,False,,,review_shared_external,False,unmatched,False,unmatched,False,unmatched,False
,25 Danks St Waterloo NSW 2017,tesla motors,8,DC,175 kW,-33.898174,151.2117721,"Sydney, Council of the City of",2017,Fast Charging R1,117,Sydney - City and Inner South,New South Wales,ev_01411,"-33.898174,151.211772",review_unresolved,,,,,,,,,,,,,,,,,False,,,unmatched,False,unmatched,False,unmatched,False,review_identity,False
,"260 Victoria Avenue, Chatswood, NSW 2067",tesla motors,8,DC,175 kW,-33.7949453,151.188291,Willoughby City Council,2067,Fast Charging R1,121,Sydney - North Sydney and Hornsby,New South Wales,ev_01425,"-33.794945,151.188291",review_unresolved,,,,,,,,,,,,,,,,,False,,,unmatched,False,unmatched,False,review_identity,False,unmatched,False
,"2-8 Turramurra Ave, Turramurra NSW 2074, Australia",evie networks,4,DC,75 kW,-33.732342,151.1304142,Ku-ring-gai Council,2074,Kerbside Charging R1,121,Sydney - North Sydney and Hornsby,New South Wales,ev_01439,"-33.732342,151.130414",review_unresolved,,,,,,,,,,,,,,,,,False,,,review_shared_external,False,unmatched,False,unmatched,False,unmatched,False
,"29 Perry St, Euston NSW 2737, Australia",nrma electric,4,DC,175 kW,-34.5765963,142.7428195,Balranald Shire Council,2737,Fast Charging R1,109,Murray,New South Wales,ev_01446,"-34.576596,142.742819",review_unresolved,,,,,,,,,,,,,,,,,False,,,unmatched,False,unmatched,False,unmatched,False,unmatched,False
,"31 Moate St, Georgetown NSW 2298, Australia",chargefox,2,DC,60 kW,-32.90876,151.7296847,Newcastle City Council,2298,Kerbside Charging R1,111,Newcastle and Lake Macquarie,New South Wales,ev_01479,"-32.908760,151.729685",review_unresolved,,,,,,,,,,,,,,,,,False,,,unmatched,False,unmatched,False,unmatched,False,unmatched,False
,"392 Manns Road, West Gosford NSW 2250 Australia",tesla motors,12,DC,175 kW,-33.4258966,151.3205356,Central Coast Council,2250,Fast Charging R1,102,Central Coast,New South Wales,ev_01517,"-33.425897,151.320536",review_unresolved,,,,,,,,,,,,,,,,,False,,,unmatched,False,review_identity,False,unmatched,False,review_identity,False
,"3A Cowell St, Gladesville NSW 2111, Australia",evie networks,2,DC,75 kW,-33.8329216,151.1276887,"Hunters Hill, The Council of the Municipality of",2111,Kerbside Charging R1,126,Sydney - Ryde,New South Wales,ev_01520,"-33.832922,151.127689",review_unresolved,,,,,,,,,,,,,,,,,False,,,review_shared_external,False,unmatched,False,unmatched,False,review_identity,False
,"424 Hoxton Park Rd, Prestons, NSW, 2170",nrma electric,4,DC,175 kW,-33.9304674,150.8750193,Liverpool City Council,2170,Fast Charging R1,127,Sydney - South West,New South Wales,ev_01541,"-33.930467,150.875019",review_unresolved,,,,,,,,,,,,,,,,,False,,,unmatched,False,unmatched,False,unmatched,False,unmatched,False
,"46 Wynter St, Taree NSW 2430, Australia",tesla motors,12,DC,175 kW,-31.9091185,152.4602815,Mid-Coast Council,2430,Fast Charging R1,108,Mid North Coast,New South Wales,ev_01555,"-31.909119,152.460282",review_unresolved,,,,,,,,,,,,,,,,,False,,,unmatched,False,unmatched,False,review_identity,False,review_identity,False
,"47-49A Cleary St, Hamilton NSW 2303, Australia",chargefox,2,DC,60 kW,-32.9212044,151.7479743,Newcastle City Council,2303,Kerbside Charging R1,111,Newcastle and Lake Macquarie,New South Wales,ev_01557,"-32.921204,151.747974",review_unresolved,,,,,,,,,,,,,,,,,False,,,unmatched,False,unmatched,False,unmatched,False,unmatched,False
,"592 Anzac Pde, Kingsford NSW 2032, Australia",evie networks,4,DC,75 kW,-33.9260318,151.2312658,Randwick City Council,2032,Kerbside Charging R1,118,Sydney - Eastern Suburbs,New South Wales,ev_01615,"-33.926032,151.231266",review_unresolved,,,,,,,,,,,,,,,,,False,,,review_shared_external,False,unmatched,False,unmatched,False,review_identity,False
,"60-62 Amherst St, Cammeray NSW 2062, Australia",evie networks,4,DC,50 kW,-33.8227718,151.2109254,North Sydney Council,2062,Kerbside Charging R1,121,Sydney - North Sydney and Hornsby,New South Wales,ev_01621,"-33.822772,151.210925",review_unresolved,,,,,,,,,,,,,,,,,False,,,review_ambiguous,False,unmatched,False,unmatched,False,unmatched,False
,"65 Hume St, Crows Nest NSW 2065, Australia",evie networks,4,DC,75 kW,-33.8243185,151.2002301,North Sydney Council,2065,Kerbside Charging R1,121,Sydney - North Sydney and Hornsby,New South Wales,ev_01640,"-33.824318,151.200230",review_unresolved,,,,,,,,,,,,,,,,,False,,,review_identity,False,unmatched,False,review_identity,False,review_identity,False
,"76 Glossop St, North St Marys NSW 2760, Australia",bp,4,DC,175 kW,-33.7601979,150.7816339,Penrith City Council,2760,Fast Charging R1,124,Sydney - Outer West and Blue Mountains,New South Wales,ev_01681,"-33.760198,150.781634",review_unresolved,,,,,,,,,,,,,,,,,False,,,unmatched,False,unmatched,False,unmatched,False,review_ambiguous,False
,"8 Federation Rd, Camperdown NSW 2050, Australia",eve australia,2,DC,60 kW,-33.8934749,151.178294,Inner West Council,2050,Kerbside Charging R1,117,Sydney - City and Inner South,New South Wales,ev_01688,"-33.893475,151.178294",review_unresolved,,,,,,,,,,,,,,,,,False,,,unmatched,False,unmatched,False,unmatched,False,unmatched,False
,"8 Stanley St, Bathurst, NSW, 2795, Australia",nrma electric,4,DC,175 kW,-33.413357,149.5853256,Bathurst Regional Council,2795,Fast Charging R1,103,Central West,New South Wales,ev_01692,"-33.413357,149.585326",review_unresolved,,,,,,,,,,,,,,,,,False,,,review_identity,False,unmatched,False,unmatched,False,review_identity,False
,"801-899R Bunnerong Rd, Chifley NSW 2036, Australia",chargefox,2,DC,50 kW,-33.9729613,151.2365649,Waverley Council,2036,Kerbside Charging R1,118,Sydney - Eastern Suburbs,New South Wales,ev_01695,"-33.972961,151.236565",review_unresolved,,,,,,,,,,,,,,,,,False,,,unmatched,False,unmatched,False,review_shared_external,False,unmatched,False
,82 Summer St Orange NSW 2800 Australia,tesla motors,6,DC,175 kW,-33.2833264,149.0944601,Orange City Council,2800,Fast Charging R1,103,Central West,New South Wales,ev_01701,"-33.283326,149.094460",review_unresolved,,,,,,,,,,,,,,,,,False,,,unmatched,False,unmatched,False,unmatched,False,unmatched,False
,"8275 Pacific Hwy, New Italy NSW 2472",tesla motors,12,DC,175 kW,-30.8015492,152.8689544,Richmond Valley Council,2472,Fast Charging R1,108,Mid North Coast,New South Wales,ev_01703,"-30.801549,152.868954",review_unresolved,,,,,,,,,,,,,,,,,False,,,unmatched,False,unmatched,False,unmatched,False,unmatched,False
,"872 Anzac Pde, Maroubra, NSW, 2035",evie networks,4,DC,75 kW,-33.9406054,151.2395169,Randwick City Council,2035,Kerbside Charging R1,118,Sydney - Eastern Suburbs,New South Wales,ev_01716,"-33.940605,151.239517",review_unresolved,,,,,,,,,,,,,,,,,False,,,review_shared_external,False,unmatched,False,unmatched,False,review_identity,False
,"9 Vickery Ave, Rose Bay NSW 2029, Australia",evie networks,4,DC,75 kW,-33.8703543,151.2642569,Woollahra Municipal Council,2029,Kerbside Charging R1,118,Sydney - Eastern Suburbs,New South Wales,ev_01727,"-33.870354,151.264257",review_unresolved,,,,,,,,,,,,,,,,,False,,,review_shared_external,False,unmatched,False,unmatched,False,unmatched,False
,"9-17 Short St, Parkes NSW 2870",tesla motors,4,DC,175 kW,-33.1413775,148.1740685,Parkes Shire Council,2870,Fast Charging R1,103,Central West,New South Wales,ev_01734,"-33.141377,148.174069",review_unresolved,,,,,,,,,,,,,,,,,False,,,unmatched,False,unmatched,False,review_identity,False,review_identity,False
,"924 Anzac Pde, Maroubra NSW 2035, Australia",evie networks,2,DC,75 kW,-33.9427694,151.2401202,Randwick City Council,2035,Kerbside Charging R1,118,Sydney - Eastern Suburbs,New South Wales,ev_01735,"-33.942769,151.240120",review_unresolved,,,,,,,,,,,,,,,,,False,,,review_shared_external,False,unmatched,False,unmatched,False,review_identity,False
,"Brewer St, Concord NSW 2137, Australia",evie networks,4,DC,75 kW,-33.8538342,151.1054057,City Of Canada Bay Council,2137,Kerbside Charging R1,120,Sydney - Inner West,New South Wales,ev_01752,"-33.853834,151.105406",review_unresolved,,,,,,,,,,,,,,,,,False,,,review_shared_external,False,unmatched,False,unmatched,False,review_identity,False
,"Cabarita Beach Bowls and Sports Club, Cabarita Beach NSW 2488",nrma electric,4,DC,175 kW,-28.332159,153.5641479,Tweed Shire Council,2488,Fast Charging R1,112,Richmond - Tweed,New South Wales,ev_01757,"-28.332159,153.564148",review_unresolved,,,,,,,,,,,,,,,,,False,,,unmatched,False,unmatched,False,review_identity,False,unmatched,False
,"Cnr Cumberland Hwy & Cabramatta Rd W, Cabramatta NSW 2166, Australia",bp,4,DC,175 kW,-33.8993725,150.9191077,Fairfield City Council,2166,Fast Charging R1,127,Sydney - South West,New South Wales,ev_01760,"-33.899372,150.919108",review_unresolved,,,,,,,,,,,,,,,,,False,,,review_identity,False,unmatched,False,review_identity,False,review_identity,False
,Council Car Park Lot 4 / DP251076 between 46 Lowe Street Queanbeyan NSW 2620,nrma electric,4,DC,175 kW,-35.3549827,149.2329145,Queanbeyan-Palerang Regional Council,2620,Fast Charging R1,101,Capital Region,New South Wales,ev_01764,"-35.354983,149.232914",review_unresolved,,,,,,,,,,,,,,,,,False,,,unmatched,False,unmatched,False,unmatched,False,unmatched,False
,"Gasworks Ln, Molong, NSW, 2866, Australia",nrma electric,4,DC,175 kW,-33.0912006,148.8706612,Cabonne Council,2866,Fast Charging R1,103,Central West,New South Wales,ev_01772,"-33.091201,148.870661",review_unresolved,,,,,,,,,,,,,,,,,False,,,unmatched,False,unmatched,False,unmatched,False,review_identity,False
,"Gouldsbury St, Mosman NSW 2088, Australia",evie networks,2,DC,75 kW,-33.8276585,151.2423815,Mosman Municipal Council,2088,Kerbside Charging R1,121,Sydney - North Sydney and Hornsby,New South Wales,ev_01776,"-33.827658,151.242381",review_unresolved,,,,,,,,,,,,,,,,,False,,,review_shared_external,False,unmatched,False,review_identity,False,unmatched,False
,"Queens Rd, Five Dock NSW 2046, Australia",evie networks,4,DC,75 kW,-33.8696308,151.1223747,City Of Canada Bay Council,2046,Kerbside Charging R1,120,Sydney - Inner West,New South Wales,ev_01789,"-33.869631,151.122375",review_unresolved,,,,,,,,,,,,,,,,,False,,,review_identity,False,unmatched,False,unmatched,False,review_identity,False
,"1 Tasman Rd, Gumly Gumly NSW 2652, Australia",bp,6,DC,175 kW,-35.1262128,147.4209242,Wagga Wagga City Council,2652,Fast Charging R1,113,Riverina,New South Wales,ev_01832,"-35.126213,147.420924",review_unresolved,,,,,,,,,,,,,,,,,False,,,unmatched,False,unmatched,False,unmatched,False,review_identity,False
,"1/118 Bourke Rd, Alexandria NSW 2015",tesla motors,6,DC,175 kW,-33.9132474,151.1935823,"Sydney, Council of the City of",2015,Fast Charging R1,117,Sydney - City and Inner South,New South Wales,ev_01836,"-33.913247,151.193582",review_unresolved,,,,,,,,,,,,,,,,,False,,,unmatched,False,unmatched,False,unmatched,False,review_identity,False
,"105-107 Alt St, Ashfield NSW 2131, Australia",eve australia,2,DC,25 kW,-33.8803158,151.1299199,Inner West Council,2131,Kerbside Charging R1,120,Sydney - Inner West,New South Wales,ev_01851,"-33.880316,151.129920",review_unresolved,,,,,,,,,,,,,,,,,False,,,unmatched,False,unmatched,False,unmatched,False,review_identity,False
,"106 Parraween St, Cremorne NSW 2090, Australia",evie networks,4,DC,75 kW,-33.8272794,151.2301624,North Sydney Council,2090,Kerbside Charging R1,121,Sydney - North Sydney and Hornsby,New South Wales,ev_01853,"-33.827279,151.230162",review_unresolved,,,,,,,,,,,,,,,,,False,,,review_shared_external,False,unmatched,False,unmatched,False,unmatched,False
,117 Tibbereena St Narrabri NSW 2390 Australia,tesla motors,4,DC,175 kW,-30.3226373,149.7801888,Narrabri Shire Council,2390,Fast Charging R1,110,New England and North West,New South Wales,ev_01878,"-30.322637,149.780189",review_unresolved,,,,,,,,,,,,,,,,,False,,,unmatched,False,unmatched,False,unmatched,False,review_identity,False
,"1215 Anzac Pde, Matraville, NSW, 2036",evie networks,4,DC,75 kW,-33.9626402,151.245869,Randwick City Council,2036,Kerbside Charging R1,118,Sydney - Eastern Suburbs,New South Wales,ev_01892,"-33.962640,151.245869",review_unresolved,,,,,,,,,,,,,,,,,False,,,review_identity,False,unmatched,False,unmatched,False,unmatched,False
,"1233 Victoria Rd, West Ryde NSW 2114, Australia",bp,4,DC,175 kW,-33.8067305,151.0708812,"Ryde, Council of the City of",2114,Fast Charging R1,126,Sydney - Ryde,New South Wales,ev_01895,"-33.806731,151.070881",review_unresolved,,,,,,,,,,,,,,,,,False,,,unmatched,False,unmatched,False,unmatched,False,unmatched,False
,"13 Southey St, Jerilderie NSW 2716, Australia",bp,6,DC,175 kW,-35.3608978,145.7194667,Murrumbidgee Council,2716,Fast Charging R1,109,Murray,New South Wales,ev_01903,"-35.360898,145.719467",review_unresolved,,,,,,,,,,,,,,,,,False,,,unmatched,False,unmatched,False,unmatched,False,review_identity,False
,"144 Bayshore Dr, Byron Bay, 2481",chargefox,2,DC,50 kW,-28.62590795,153.586978,Byron Shire Council,2481,Existing Fast Chargers,112,Richmond - Tweed,New South Wales,ev_01912,"-28.625908,153.586978",review_unresolved,,,,,,,,,,,,,,,,,False,,,unmatched,False,unmatched,False,unmatched,False,unmatched,False
,"154 Beach Rd, Batemans Bay NSW 2536",tesla motors,6,DC,175 kW,-35.7196933,150.1897432,Eurobodalla Shire Council,2536,Fast Charging R1,101,Capital Region,New South Wales,ev_01924,"-35.719693,150.189743",review_unresolved,,,,,,,,,,,,,,,,,False,,,unmatched,False,unmatched,False,unmatched,False,review_identity,False
,"162 Rouse St, Tenterfield NSW 2372, Australia",tesla motors,4,DC,175 kW,-29.0565237,152.0181884,Tenterfield Shire Council,2372,Fast Charging R1,110,New England and North West,New South Wales,ev_01937,"-29.056524,152.018188",review_unresolved,,,,,,,,,,,,,,,,,False,,,unmatched,False,unmatched,False,review_identity,False,review_identity,False
